INSERT INTO utilisateur (id_utilisateur,nom,prenom,courriel,mot_de_passe,telephone,adresse,ville,province,code_postal,date_inscription) VALUES
	 (2,'Clements','Vanesa','vanesa.clements2@mail.com','pass','+1-406-458-3476','1850 Bloor Street, Tech Hub, Innovation District, Apt 824','London','QC','H6K 1I1','2026-04-15'),
	 (4,'Leach','Serina','serina.leach4@mail.com','pass','+1-627-940-2745','4245 Sheppard Avenue, Shopping Centre, Downtown Core, Apt 671','Quebec City','NU','C0R 7N2','2026-04-15'),
	 (6,'Gibson','Mario','mario.gibson6@mail.com','pass','+1-098-943-4097','339 Adelaide Street, Shopping Centre, Downtown Core, Apt 656','Sudbury','NT','Z0Y 4G2','2026-04-15'),
	 (8,'Gibbons','Rebecca','rebecca.gibbons8@mail.com','pass','+1-351-355-3209','6563 Queen Street, Medical Center, Health Sciences, Apt 146','Quebec City','BC','V9B 0Y0','2026-04-15'),
	 (9,'Daily','Sariah','sariah.daily9@mail.com','pass','+1-965-157-7934','577 Avenue Road, Sports Complex, Recreation Area, Apt 818','London','MB','W7V 4X3','2026-04-15'),
	 (11,'Zook','Peyton','peyton.zook11@mail.com','pass','+1-553-567-4601','1305 Main Street, Cultural Center, Arts Quarter, Apt 751','Winnipeg','QC','L0J 5S0','2026-04-15'),
	 (12,'Demarco','Destany','destany.demarco12@mail.com','pass','+1-527-389-5441','985 Eglinton Avenue, Tech Hub, Innovation District, Apt 1','Vancouver','AB','F6Z 3Z8','2026-04-15'),
	 (14,'Harding','Bo','bo.harding14@mail.com','pass','+1-592-492-1129','1604 Adelaide Street, Educational Campus, University District, Apt 409','Kingston','ON','N4T 0A9','2026-04-15'),
	 (16,'Provost','Kayli','kayli.provost16@mail.com','pass','+1-754-825-1132','9402 Queen Street, Medical Center, Health Sciences, Apt 144','Winnipeg','MB','T9G 3D3','2026-04-15'),
	 (17,'Hidalgo','Herman','herman.hidalgo17@mail.com','pass','+1-330-153-9072','602 Lawrence Avenue, Office Tower, Corporate Center, Apt 846','Kelowna','MB','A8R 4X4','2026-04-15'),
	 (19,'Becker','Keegan','keegan.becker19@mail.com','pass','+1-801-341-6869','6894 Sheppard Avenue, Government Complex, Civic Center, Apt 596','London','NU','S2D 2X2','2026-04-15'),
	 (21,'Nagle','Marion','marion.nagle21@mail.com','pass','+1-794-519-2214','8651 University Avenue, Mall Complex, Retail District, Apt 244','Kingston','BC','V8A 3O2','2026-04-15'),
	 (22,'Sanford','Aysia','aysia.sanford22@mail.com','pass','+1-161-596-0549','9759 Main Street, Mall Complex, Retail District, Apt 881','Montreal','QC','N5W 6Q2','2026-04-15'),
	 (24,'Carbajal','Sherman','sherman.carbajal24@mail.com','pass','+1-970-178-8031','4236 Richmond Street, Office Tower, Corporate Center, Apt 231','Quebec City','NU','Z9D 9M5','2026-04-15'),
	 (26,'Burkhart','Sade','sade.burkhart26@mail.com','pass','+1-700-730-9213','5070 Front Street, Shopping Centre, Downtown Core, Apt 853','Regina','AB','Y9J 2H4','2026-04-15'),
	 (28,'Morgan','Jaydon','jaydon.morgan28@mail.com','pass','+1-526-521-2770','5453 University Avenue, Mall Complex, Retail District, Apt 643','Kingston','NU','W1E 7F9','2026-04-15'),
	 (29,'Mendoza','Ingrid','ingrid.mendoza29@mail.com','pass','+1-615-546-2653','5846 Eglinton Avenue, Medical Center, Health Sciences, Apt 276','Victoria','NT','S9Q 6U6','2026-04-15'),
	 (31,'Bertrand','Brendan','brendan.bertrand31@mail.com','pass','+1-535-088-6023','6662 Eglinton Avenue, Government Complex, Civic Center, Apt 12','Kitchener','YT','Z7F 6I8','2026-04-15'),
	 (33,'Vasquez','Bilal','bilal.vasquez33@mail.com','pass','+1-241-857-4092','3595 Lawrence Avenue, Mall Complex, Retail District, Apt 64','Sudbury','SK','X3Q 7J5','2026-04-15'),
	 (35,'Sumner','Isis','isis.sumner35@mail.com','pass','+1-496-316-6229','6992 Eglinton Avenue, Residential Complex, Suburbs, Apt 550','Quebec City','SK','C2K 1Q3','2026-04-15'),
	 (36,'Crocker','Loren','loren.crocker36@mail.com','pass','+1-982-500-6941','2053 Yonge Street, Business District, Financial Quarter, Apt 792','Kingston','YT','Y3C 5M6','2026-04-15'),
	 (38,'McCorkle','Mohammad','mohammad.mccorkle38@mail.com','pass','+1-920-029-3507','6942 Yonge Street, Residential Complex, Suburbs, Apt 13','Halifax','YT','E5O 1D1','2026-04-15'),
	 (40,'Nelson','Tanner','tanner.nelson40@mail.com','pass','+1-899-448-9147','694 Main Street, Residential Complex, Suburbs, Apt 907','Victoria','YT','R2H 6Q5','2026-04-15'),
	 (41,'Saavedra','Lilly','lilly.saavedra41@mail.com','pass','+1-589-989-0746','41 Dundas Street, Medical Center, Health Sciences, Apt 582','Calgary','NU','B7O 7D3','2026-04-15'),
	 (43,'Maher','Tamera','tamera.maher43@mail.com','pass','+1-973-555-3778','5647 St. Clair Avenue, Educational Campus, University District, Apt 648','Toronto','NU','S8B 0P2','2026-04-15'),
	 (45,'Ayala','Rowan','rowan.ayala45@mail.com','pass','+1-283-311-7540','5248 St. Clair Avenue, Tech Hub, Innovation District, Apt 503','Ottawa','SK','Y5Y 2S3','2026-04-15'),
	 (46,'Keene','Jaiden','jaiden.keene46@mail.com','pass','+1-715-497-9613','5729 Avenue Road, Residential Complex, Suburbs, Apt 515','Regina','YT','U9N 1L7','2026-04-15'),
	 (48,'Dove','Marjorie','marjorie.dove48@mail.com','pass','+1-441-552-6921','7552 Sheppard Avenue, Tech Hub, Innovation District, Apt 896','Saskatoon','NT','J8Q 8G6','2026-04-15'),
	 (50,'Causey','Margaret','margaret.causey50@mail.com','pass','+1-354-440-0156','5673 Queen Street, Sports Complex, Recreation Area, Apt 160','Sudbury','MB','Y8Z 3X9','2026-04-15'),
	 (51,'Yang','Deion','deion.yang51@mail.com','pass','+1-606-836-7827','1784 King Street, Government Complex, Civic Center, Apt 259','Kitchener','ON','Y0E 1I6','2026-04-15'),
	 (53,'Henning','Aric','aric.henning53@mail.com','pass','+1-473-196-8441','2077 College Street, Residential Complex, Suburbs, Apt 653','Regina','NT','W5L 7V6','2026-04-15'),
	 (55,'Switzer','Amaiya','amaiya.switzer55@mail.com','pass','+1-155-116-9813','4730 Sheppard Avenue, Shopping Centre, Downtown Core, Apt 42','Kingston','MB','G2T 2W2','2026-04-15'),
	 (56,'Jaramillo','Deana','deana.jaramillo56@mail.com','pass','+1-275-450-3085','4899 King Street, Educational Campus, University District, Apt 612','Victoria','BC','G7O 5G7','2026-04-15'),
	 (58,'Byers','Aysha','aysha.byers58@mail.com','pass','+1-880-545-4178','4874 Yonge Street, Office Tower, Corporate Center, Apt 625','Saskatoon','NB','Z9U 8I0','2026-04-15'),
	 (60,'Everett','Kristyn','kristyn.everett60@mail.com','pass','+1-505-431-5613','2472 Lawrence Avenue, Tech Hub, Innovation District, Apt 190','London','NS','I6L 9U4','2026-04-15'),
	 (61,'Egan','Walker','walker.egan61@mail.com','pass','+1-913-895-9473','1886 Lawrence Avenue, Medical Center, Health Sciences, Apt 503','Halifax','QC','H9M 3X3','2026-04-15'),
	 (63,'Sowell','Jairo','jairo.sowell63@mail.com','pass','+1-229-274-0802','1260 Spadina Avenue, Business District, Financial Quarter, Apt 825','Kelowna','YT','E6P 5U2','2026-04-15'),
	 (65,'Dallas','Rosa','rosa.dallas65@mail.com','pass','+1-905-595-9340','539 Main Street, Industrial Park, Manufacturing Zone, Apt 357','Sudbury','AB','U5Q 1W2','2026-04-15'),
	 (67,'Spangler','Jelani','jelani.spangler67@mail.com','pass','+1-119-400-4303','8465 Front Street, Residential Complex, Suburbs, Apt 52','Kingston','ON','Q2L 0Q2','2026-04-15'),
	 (68,'Tully','Evelin','evelin.tully68@mail.com','pass','+1-694-153-2932','4872 Front Street, Medical Center, Health Sciences, Apt 86','Kelowna','NT','Z1J 1R4','2026-04-15'),
	 (70,'Medlin','Gerardo','gerardo.medlin70@mail.com','pass','+1-117-319-3359','8225 Queen Street, Residential Complex, Suburbs, Apt 784','Regina','NL','B3Z 5V2','2026-04-15'),
	 (71,'Irwin','Allan','allan.irwin71@mail.com','pass','+1-809-577-9030','7201 St. Clair Avenue, Government Complex, Civic Center, Apt 683','Hamilton','PE','T4B 7K6','2026-04-15'),
	 (73,'Luke','Danielle','danielle.luke73@mail.com','pass','+1-494-520-0922','8076 College Street, Educational Campus, University District, Apt 757','Edmonton','NB','U7N 3J6','2026-04-15'),
	 (1,'Wilks','Mallorie','mallorie.wilks1@mail.com','pass','+1-283-057-9380','4890 College Street, Shopping Centre, Downtown Core, Apt 506','Montreal','NT','G6B 0O0','2026-04-15'),
	 (3,'Hall','Maeve','maeve.hall3@mail.com','pass','+1-645-312-2187','5644 Front Street, Sports Complex, Recreation Area, Apt 12','Abbotsford','PE','V4F 5R3','2026-04-15'),
	 (5,'Hicks','Julieta','julieta.hicks5@mail.com','pass','+1-847-267-9292','4352 Adelaide Street, Sports Complex, Recreation Area, Apt 47','Victoria','NT','H4Q 5B7','2026-04-15'),
	 (7,'Harrell','Leanne','leanne.harrell7@mail.com','pass','+1-779-341-3566','3931 King Street, Tech Hub, Innovation District, Apt 582','Kingston','NS','A3L 8C1','2026-04-15'),
	 (10,'Fitzpatrick','Samaria','samaria.fitzpatrick10@mail.com','pass','+1-012-348-0122','6019 Avenue Road, Medical Center, Health Sciences, Apt 671','Kitchener','NU','I3U 8A5','2026-04-15'),
	 (13,'Schulze','Harvey','harvey.schulze13@mail.com','pass','+1-451-075-7762','3503 Front Street, Sports Complex, Recreation Area, Apt 208','Montreal','QC','E1J 2D1','2026-04-15'),
	 (15,'Culpepper','Kameron','kameron.culpepper15@mail.com','pass','+1-353-769-1943','7945 Spadina Avenue, Mall Complex, Retail District, Apt 107','Kingston','ON','O7E 9D8','2026-04-15'),
	 (18,'Davila','Reece','reece.davila18@mail.com','pass','+1-679-117-1611','2759 Richmond Street, Mall Complex, Retail District, Apt 972','Abbotsford','NL','E9R 5Q3','2026-04-15'),
	 (20,'Hardy','Mackenna','mackenna.hardy20@mail.com','pass','+1-901-574-0974','3038 Spadina Avenue, Industrial Park, Manufacturing Zone, Apt 598','Barrie','NT','S8R 5R0','2026-04-15'),
	 (23,'Alston','Aliza','aliza.alston23@mail.com','pass','+1-036-695-5739','9620 Yonge Street, Shopping Centre, Downtown Core, Apt 816','Halifax','NT','R8Q 0W6','2026-04-15'),
	 (25,'Grady','Daysha','daysha.grady25@mail.com','pass','+1-205-231-3898','9735 Bloor Street, Educational Campus, University District, Apt 657','Victoria','YT','Q3D 1K1','2026-04-15'),
	 (27,'Lauer','Sonny','sonny.lauer27@mail.com','pass','+1-207-286-4709','4101 Bloor Street, Sports Complex, Recreation Area, Apt 992','Ottawa','NL','Y4R 0S5','2026-04-15'),
	 (30,'Bourne','Gracie','gracie.bourne30@mail.com','pass','+1-177-542-7136','6528 College Street, Tech Hub, Innovation District, Apt 796','St. Catharines','MB','Y1B 9T0','2026-04-15'),
	 (32,'Tuttle','Diane','diane.tuttle32@mail.com','pass','+1-989-698-0571','2675 College Street, Residential Complex, Suburbs, Apt 743','London','QC','K8U 5H1','2026-04-15'),
	 (37,'Gannon','Martin','martin.gannon37@mail.com','pass','+1-852-002-8437','4344 Dundas Street, Industrial Park, Manufacturing Zone, Apt 567','Abbotsford','BC','S0C 3N8','2026-04-15'),
	 (39,'Bourne','Aiyana','aiyana.bourne39@mail.com','pass','+1-370-697-0277','8409 Adelaide Street, Industrial Park, Manufacturing Zone, Apt 537','Calgary','NL','O6B 7R1','2026-04-15'),
	 (42,'Shockley','Jailene','jailene.shockley42@mail.com','pass','+1-197-625-7485','6698 St. Clair Avenue, Educational Campus, University District, Apt 75','Oshawa','NL','G8U 6O5','2026-04-15'),
	 (44,'Swan','Star','star.swan44@mail.com','pass','+1-589-813-1237','8872 Eglinton Avenue, Government Complex, Civic Center, Apt 242','Kingston','BC','G3V 1Y9','2026-04-15'),
	 (47,'Esquivel','Dominique','dominique.esquivel47@mail.com','pass','+1-527-685-7113','1041 Front Street, Business District, Financial Quarter, Apt 539','St. Catharines','SK','H9O 4D9','2026-04-15'),
	 (49,'Bolin','Leslie','leslie.bolin49@mail.com','pass','+1-032-698-6531','1925 Yonge Street, Office Tower, Corporate Center, Apt 207','London','NB','I8V 4A8','2026-04-15'),
	 (52,'Frederick','Alora','alora.frederick52@mail.com','pass','+1-828-512-6326','9066 Lawrence Avenue, Shopping Centre, Downtown Core, Apt 350','St. Catharines','YT','Z9S 9K0','2026-04-15'),
	 (54,'Cho','Elyse','elyse.cho54@mail.com','pass','+1-606-503-1654','6055 University Avenue, Business District, Financial Quarter, Apt 14','Sudbury','NB','G7J 2D0','2026-04-15'),
	 (57,'Anders','Anabelle','anabelle.anders57@mail.com','pass','+1-486-588-8211','8450 St. Clair Avenue, Shopping Centre, Downtown Core, Apt 3','Oshawa','SK','S9Z 3N2','2026-04-15'),
	 (59,'Corona','Karson','karson.corona59@mail.com','pass','+1-949-001-1622','6720 Spadina Avenue, Medical Center, Health Sciences, Apt 188','Windsor','NS','X2S 0H1','2026-04-15'),
	 (62,'Hoskins','Audra','audra.hoskins62@mail.com','pass','+1-640-531-8454','7075 Bay Street, Sports Complex, Recreation Area, Apt 395','Sudbury','YT','F5D 0K2','2026-04-15'),
	 (64,'Tracy','Collin','collin.tracy64@mail.com','pass','+1-302-638-7457','1228 Main Street, Government Complex, Civic Center, Apt 767','Victoria','QC','I9U 5R0','2026-04-15'),
	 (66,'Murray','Lynsey','lynsey.murray66@mail.com','pass','+1-349-743-8256','8159 Yonge Street, Residential Complex, Suburbs, Apt 879','Montreal','BC','H5Z 1Y8','2026-04-15'),
	 (69,'Burgos','Kaytlyn','kaytlyn.burgos69@mail.com','pass','+1-274-274-9167','8628 Spadina Avenue, Medical Center, Health Sciences, Apt 865','Toronto','SK','T6X 1S1','2026-04-15'),
	 (72,'Ahmad','Julianne','julianne.ahmad72@mail.com','pass','+1-239-179-5779','6684 College Street, Medical Center, Health Sciences, Apt 646','Kelowna','ON','Z3X 1L6','2026-04-15'),
	 (74,'Almanza','Khalil','khalil.almanza74@mail.com','pass','+1-486-564-1076','6517 Yonge Street, Shopping Centre, Downtown Core, Apt 408','Kitchener','SK','F7M 9K8','2026-04-15'),
	 (75,'Workman','Jaret','jaret.workman75@mail.com','pass','+1-042-668-4676','4611 Sheppard Avenue, Industrial Park, Manufacturing Zone, Apt 289','Vancouver','SK','A2V 5R7','2026-04-15'),
	 (76,'Branch','Haven','haven.branch76@mail.com','pass','+1-206-265-7199','2199 Richmond Street, Shopping Centre, Downtown Core, Apt 32','Oshawa','PE','E2N 0A3','2026-04-15'),
	 (77,'Scully','Alonzo','alonzo.scully77@mail.com','pass','+1-567-121-2919','1343 Main Street, Mall Complex, Retail District, Apt 283','Windsor','YT','F5W 0X9','2026-04-15'),
	 (78,'Brennan','Macie','macie.brennan78@mail.com','pass','+1-345-390-3622','7012 Avenue Road, Industrial Park, Manufacturing Zone, Apt 765','Toronto','SK','O0Z 2S1','2026-04-15'),
	 (79,'Linn','Destinee','destinee.linn79@mail.com','pass','+1-413-623-7803','4737 Sheppard Avenue, Office Tower, Corporate Center, Apt 361','Saskatoon','PE','D6T 8G9','2026-04-15'),
	 (80,'Stern','Bobby','bobby.stern80@mail.com','pass','+1-083-453-6754','4478 Bay Street, Sports Complex, Recreation Area, Apt 622','Toronto','AB','G6Z 2D9','2026-04-15'),
	 (34,'Cyrus','Trace','trace.negrete34@mail.com','pass','+1-824-231-0129','1301 Bloor Street, Mall Complex, Retail District, Apt 216','Kingston','NU','D3P 1R6','2026-04-15');
INSERT INTO annonceur (id_annonceur,note_moyenne,nb_ventes) VALUES
	 (1,3.83,1),
	 (2,4.81,14),
	 (3,4.62,1),
	 (4,3.56,6),
	 (5,3.74,3),
	 (6,3.61,0),
	 (7,4.87,1),
	 (8,3.62,13),
	 (9,3.68,15),
	 (10,3.75,14),
	 (11,4.44,20),
	 (12,4.14,1),
	 (13,4.36,10),
	 (14,3.93,7),
	 (15,4.24,10),
	 (16,4.10,3),
	 (17,4.46,14),
	 (18,4.14,13),
	 (19,4.85,15),
	 (20,3.64,19),
	 (21,3.73,0),
	 (22,3.56,4),
	 (23,4.78,14),
	 (24,4.22,3),
	 (25,4.27,18),
	 (26,4.78,8),
	 (27,3.60,20),
	 (28,4.05,2),
	 (29,4.60,16),
	 (30,4.39,6),
	 (31,4.50,20),
	 (32,4.99,18),
	 (33,4.38,19),
	 (34,3.94,13),
	 (35,3.63,19),
	 (36,3.72,1),
	 (37,3.60,18),
	 (38,4.55,1),
	 (39,4.65,16),
	 (40,4.70,20);
INSERT INTO acheteur (id_acheteur,note_moyenne,nb_achats) VALUES
	 (20,4.56,12),
	 (21,3.55,2),
	 (22,4.72,4),
	 (23,4.65,24),
	 (24,4.51,5),
	 (25,4.48,5),
	 (26,4.44,5),
	 (27,3.62,21),
	 (28,4.29,25),
	 (29,3.64,13),
	 (30,4.96,19),
	 (31,3.69,14),
	 (32,4.94,29),
	 (33,3.61,7),
	 (34,3.77,5),
	 (35,4.09,1),
	 (36,3.61,4),
	 (37,3.75,22),
	 (38,4.51,6),
	 (39,4.04,12),
	 (40,4.59,0),
	 (41,3.90,30),
	 (42,3.85,27),
	 (43,4.78,14),
	 (44,3.88,5),
	 (45,4.91,19),
	 (46,3.56,15),
	 (47,4.69,5),
	 (48,4.99,8),
	 (49,3.92,19),
	 (50,3.58,24),
	 (51,4.60,14),
	 (52,4.05,8),
	 (53,4.86,20),
	 (54,4.07,19),
	 (55,4.88,22),
	 (56,4.93,12),
	 (57,3.82,8),
	 (58,4.75,10),
	 (59,3.70,15),
	 (60,4.02,7),
	 (61,4.23,3),
	 (62,3.92,16),
	 (63,4.72,19),
	 (64,4.79,8),
	 (65,4.84,28),
	 (66,4.22,11),
	 (67,4.33,3),
	 (68,4.19,25),
	 (69,4.48,23),
	 (70,3.55,22),
	 (71,4.77,17),
	 (72,4.34,19),
	 (73,3.60,14),
	 (74,4.90,24),
	 (75,3.75,25),
	 (76,3.77,21),
	 (77,3.80,19),
	 (78,4.99,5),
	 (79,4.55,17),
	 (80,3.83,10);
INSERT INTO expert (id_expert,domaine_expertise,nb_estimations,date_certification) VALUES
	 (5,'general',41,'2026-04-15'),
	 (6,'general',39,'2026-04-15'),
	 (7,'general',42,'2026-04-15'),
	 (8,'general',34,'2026-04-15'),
	 (9,'general',32,'2026-04-15'),
	 (10,'general',47,'2026-04-15'),
	 (11,'general',46,'2026-04-15'),
	 (12,'general',32,'2026-04-15'),
	 (13,'general',33,'2026-04-15'),
	 (14,'general',48,'2026-04-15');
INSERT INTO categorie (id_categorie,nom,description,categorie_parent) VALUES
	 (1,'Electronics','Electronic devices such as computers, phones, and accessories',NULL),
	 (2,'Phones','Smartphones and mobile devices',1),
	 (3,'Laptops','Portable computers and notebooks',1),
	 (4,'Furniture','Home and office furniture',NULL),
	 (5,'Chairs','All types of chairs including office and dining chairs',4),
	 (6,'Tables','Tables for dining, office, or other uses',4),
	 (7,'Vehicles','Vehicles such as cars, motorcycles, and others',NULL),
	 (8,'Clothing','Clothing items such as jackets, shirts, and pants',NULL),
	 (9,'Shoes','Footwear including sneakers, boots, and sandals',8),
	 (10,'Appliances','Household appliances like microwaves, fridges, etc.',NULL);
INSERT INTO produit (id_produit,titre,description,prix_souhaite,id_annonceur,id_categorie,condition_produit,statut,date_soumission,date_publication) VALUES
	 (1,'iPhone 12','Unlocked, good condition',450.00,6,2,'usage','vendu','2026-04-15','2026-04-15'),
	 (2,'Sofa','Very comfortable, clean',500.00,32,4,'neuf','publie','2026-04-15','2026-04-15'),
	 (3,'Sofa','Very comfortable, clean',500.00,16,4,'neuf','vendu','2026-04-15','2026-04-15'),
	 (4,'MacBook Pro 2019','Works perfectly',900.00,4,3,'comme_neuf','en_attente_estimation','2026-04-15','2026-04-15'),
	 (5,'Adidas Ultraboost','Comfortable running shoes',110.00,8,9,'usage','en_attente_estimation','2026-04-15','2026-04-15'),
	 (6,'Adidas Ultraboost','Comfortable running shoes',110.00,36,9,'bon','vendu','2026-04-15','2026-04-15'),
	 (7,'Nike Air Max','Size 10, barely used',90.00,9,9,'comme_neuf','vendu','2026-04-15','2026-04-15'),
	 (8,'Winter Jacket','Very warm, size M',200.00,9,8,'neuf','en_attente_estimation','2026-04-15','2026-04-15'),
	 (9,'Nike Air Max','Size 10, barely used',90.00,40,9,'neuf','vendu','2026-04-15','2026-04-15'),
	 (10,'Honda Civic 2018','Low mileage',14000.00,32,7,'bon','retire','2026-04-15','2026-04-15'),
	 (11,'Samsung Galaxy S22','Like new, includes box',600.00,7,2,'comme_neuf','en_attente_estimation','2026-04-15','2026-04-15'),
	 (12,'Gaming Laptop ASUS','RTX graphics, fast',1100.00,22,3,'usage','retire','2026-04-15','2026-04-15'),
	 (13,'Office Chair','Ergonomic and comfortable',120.00,16,5,'bon','en_attente_estimation','2026-04-15','2026-04-15'),
	 (14,'Office Chair','Ergonomic and comfortable',120.00,38,5,'usage','en_attente_estimation','2026-04-15','2026-04-15'),
	 (15,'Dining Table','Solid wood, seats 6',350.00,36,6,'usage','vendu','2026-04-15','2026-04-15'),
	 (16,'MacBook Pro 2019','Works perfectly',900.00,32,3,'bon','retire','2026-04-15','2026-04-15'),
	 (17,'MacBook Pro 2019','Works perfectly',900.00,5,3,'usage','vendu','2026-04-15','2026-04-15'),
	 (18,'Nike Air Max','Size 10, barely used',90.00,25,9,'bon','retire','2026-04-15','2026-04-15'),
	 (19,'Nike Air Max','Size 10, barely used',90.00,1,9,'usage','retire','2026-04-15','2026-04-15'),
	 (20,'Gaming Laptop ASUS','RTX graphics, fast',1100.00,22,3,'neuf','vendu','2026-04-15','2026-04-15'),
	 (21,'MacBook Pro 2019','Works perfectly',900.00,36,3,'comme_neuf','publie','2026-04-15','2026-04-15'),
	 (22,'Honda Civic 2018','Low mileage',14000.00,5,7,'usage','publie','2026-04-15','2026-04-15'),
	 (23,'Honda Civic 2018','Low mileage',14000.00,21,7,'usage','retire','2026-04-15','2026-04-15'),
	 (24,'Sofa','Very comfortable, clean',500.00,28,4,'usage','en_attente_estimation','2026-04-15','2026-04-15'),
	 (25,'Sofa','Very comfortable, clean',500.00,38,4,'usage','retire','2026-04-15','2026-04-15'),
	 (26,'Sofa','Very comfortable, clean',500.00,10,4,'bon','en_attente_estimation','2026-04-15','2026-04-15'),
	 (27,'Winter Jacket','Very warm, size M',200.00,4,8,'bon','retire','2026-04-15','2026-04-15'),
	 (28,'Desk Lamp','LED, adjustable brightness',40.00,29,4,'usage','vendu','2026-04-15','2026-04-15'),
	 (29,'Toyota Corolla 2015','Reliable, 130k km',7500.00,31,7,'bon','retire','2026-04-15','2026-04-15'),
	 (30,'Adidas Ultraboost','Comfortable running shoes',110.00,27,9,'usage','publie','2026-04-15','2026-04-15'),
	 (31,'Honda Civic 2018','Low mileage',14000.00,1,7,'comme_neuf','publie','2026-04-15','2026-04-15'),
	 (32,'Office Chair','Ergonomic and comfortable',120.00,22,5,'bon','en_attente_estimation','2026-04-15','2026-04-15'),
	 (33,'Nike Air Max','Size 10, barely used',90.00,24,9,'usage','en_attente_estimation','2026-04-15','2026-04-15'),
	 (34,'Toyota Corolla 2015','Reliable, 130k km',7500.00,26,7,'acceptable','en_attente_estimation','2026-04-15','2026-04-15'),
	 (35,'Samsung Galaxy S22','Like new, includes box',600.00,13,2,'neuf','retire','2026-04-15','2026-04-15'),
	 (36,'Adidas Ultraboost','Comfortable running shoes',110.00,3,9,'bon','en_attente_estimation','2026-04-15','2026-04-15'),
	 (37,'Office Chair','Ergonomic and comfortable',120.00,10,5,'comme_neuf','en_attente_estimation','2026-04-15','2026-04-15'),
	 (38,'Toyota Corolla 2015','Reliable, 130k km',7500.00,10,7,'acceptable','retire','2026-04-15','2026-04-15'),
	 (39,'iPhone 12','Unlocked, good condition',450.00,20,2,'bon','en_attente_estimation','2026-04-15','2026-04-15'),
	 (40,'Microwave','Works perfectly',80.00,16,10,'acceptable','retire','2026-04-15','2026-04-15'),
	 (41,'iPhone 12','Unlocked, good condition',450.00,27,2,'acceptable','retire','2026-04-15','2026-04-15'),
	 (42,'MacBook Pro 2019','Works perfectly',900.00,19,3,'neuf','en_attente_estimation','2026-04-15','2026-04-15'),
	 (43,'Toyota Corolla 2015','Reliable, 130k km',7500.00,3,7,'usage','vendu','2026-04-15','2026-04-15'),
	 (44,'Fridge','Large capacity',400.00,29,10,'acceptable','publie','2026-04-15','2026-04-15'),
	 (45,'Toyota Corolla 2015','Reliable, 130k km',7500.00,12,7,'neuf','en_attente_estimation','2026-04-15','2026-04-15'),
	 (46,'Winter Jacket','Very warm, size M',200.00,33,8,'comme_neuf','vendu','2026-04-15','2026-04-15'),
	 (47,'Sofa','Very comfortable, clean',500.00,2,4,'comme_neuf','retire','2026-04-15','2026-04-15'),
	 (48,'Winter Jacket','Very warm, size M',200.00,14,8,'comme_neuf','en_attente_estimation','2026-04-15','2026-04-15'),
	 (49,'Fridge','Large capacity',400.00,36,10,'neuf','retire','2026-04-15','2026-04-15'),
	 (50,'Toyota Corolla 2015','Reliable, 130k km',7500.00,22,7,'usage','vendu','2026-04-15','2026-04-15'),
	 (51,'Gaming Laptop ASUS','RTX graphics, fast',1100.00,40,3,'neuf','en_attente_estimation','2026-04-15','2026-04-15'),
	 (52,'Adidas Ultraboost','Comfortable running shoes',110.00,21,9,'usage','en_attente_estimation','2026-04-15','2026-04-15'),
	 (53,'Gaming Laptop ASUS','RTX graphics, fast',1100.00,23,3,'comme_neuf','vendu','2026-04-15','2026-04-15'),
	 (54,'Microwave','Works perfectly',80.00,34,10,'bon','publie','2026-04-15','2026-04-15'),
	 (55,'Samsung Galaxy S22','Like new, includes box',600.00,3,2,'bon','retire','2026-04-15','2026-04-15'),
	 (56,'Nike Air Max','Size 10, barely used',90.00,11,9,'bon','vendu','2026-04-15','2026-04-15'),
	 (57,'Desk Lamp','LED, adjustable brightness',40.00,35,4,'bon','publie','2026-04-15','2026-04-15'),
	 (58,'Sofa','Very comfortable, clean',500.00,22,4,'comme_neuf','vendu','2026-04-15','2026-04-15'),
	 (59,'Office Chair','Ergonomic and comfortable',120.00,19,5,'neuf','publie','2026-04-15','2026-04-15'),
	 (60,'Fridge','Large capacity',400.00,9,10,'acceptable','vendu','2026-04-15','2026-04-15');
INSERT INTO estimation (id_estimation,id_produit,id_expert,prix_estime,commentaire,acceptee,date_decision) VALUES
	 (1,1,14,922.00,'Fair estimate',true,'2026-04-15'),
	 (2,2,9,497.00,'Fair estimate',true,'2026-04-15'),
	 (3,3,13,987.00,'Fair estimate',true,'2026-04-15'),
	 (4,4,7,1444.00,'Fair estimate',true,'2026-04-15'),
	 (5,5,6,1421.00,'Fair estimate',true,'2026-04-15'),
	 (6,6,8,1305.00,'Fair estimate',true,'2026-04-15'),
	 (7,7,5,131.00,'Fair estimate',true,'2026-04-15'),
	 (8,8,10,751.00,'Fair estimate',true,'2026-04-15'),
	 (9,9,6,1980.00,'Fair estimate',true,'2026-04-15'),
	 (10,10,7,1026.00,'Fair estimate',true,'2026-04-15'),
	 (11,11,13,1700.00,'Fair estimate',true,'2026-04-15'),
	 (12,12,5,902.00,'Fair estimate',true,'2026-04-15'),
	 (13,13,6,1212.00,'Fair estimate',true,'2026-04-15'),
	 (14,14,14,930.00,'Fair estimate',true,'2026-04-15'),
	 (15,15,7,1946.00,'Fair estimate',true,'2026-04-15'),
	 (16,16,5,1476.00,'Fair estimate',true,'2026-04-15'),
	 (17,17,7,1500.00,'Fair estimate',true,'2026-04-15'),
	 (18,18,6,1993.00,'Fair estimate',true,'2026-04-15'),
	 (19,19,8,1907.00,'Fair estimate',true,'2026-04-15'),
	 (20,20,13,1617.00,'Fair estimate',true,'2026-04-15'),
	 (21,21,13,348.00,'Fair estimate',true,'2026-04-15'),
	 (22,22,13,935.00,'Fair estimate',true,'2026-04-15'),
	 (23,23,9,383.00,'Fair estimate',true,'2026-04-15'),
	 (24,24,9,982.00,'Fair estimate',true,'2026-04-15'),
	 (25,25,10,1247.00,'Fair estimate',true,'2026-04-15'),
	 (26,26,8,1591.00,'Fair estimate',true,'2026-04-15'),
	 (27,27,14,1575.00,'Fair estimate',true,'2026-04-15'),
	 (28,28,14,1521.00,'Fair estimate',true,'2026-04-15'),
	 (29,29,5,1716.00,'Fair estimate',true,'2026-04-15'),
	 (30,30,9,639.00,'Fair estimate',true,'2026-04-15'),
	 (31,31,14,205.00,'Fair estimate',true,'2026-04-15'),
	 (32,32,14,1523.00,'Fair estimate',true,'2026-04-15'),
	 (33,33,11,812.00,'Fair estimate',true,'2026-04-15'),
	 (34,34,10,1868.00,'Fair estimate',true,'2026-04-15'),
	 (35,35,12,135.00,'Fair estimate',true,'2026-04-15'),
	 (36,36,14,1976.00,'Fair estimate',true,'2026-04-15'),
	 (37,37,5,1595.00,'Fair estimate',true,'2026-04-15'),
	 (38,38,11,1431.00,'Fair estimate',true,'2026-04-15'),
	 (39,39,10,1033.00,'Fair estimate',true,'2026-04-15'),
	 (40,40,11,1467.00,'Fair estimate',true,'2026-04-15'),
	 (41,41,11,339.00,'Fair estimate',true,'2026-04-15'),
	 (42,42,14,1091.00,'Fair estimate',true,'2026-04-15'),
	 (43,43,13,79.00,'Fair estimate',true,'2026-04-15'),
	 (44,44,6,722.00,'Fair estimate',true,'2026-04-15'),
	 (45,45,14,731.00,'Fair estimate',true,'2026-04-15'),
	 (46,46,9,361.00,'Fair estimate',true,'2026-04-15'),
	 (47,47,11,1945.00,'Fair estimate',true,'2026-04-15'),
	 (48,48,13,994.00,'Fair estimate',true,'2026-04-15'),
	 (49,49,13,1592.00,'Fair estimate',true,'2026-04-15'),
	 (50,50,5,1318.00,'Fair estimate',true,'2026-04-15'),
	 (51,51,14,1393.00,'Fair estimate',true,'2026-04-15'),
	 (52,52,8,1845.00,'Fair estimate',true,'2026-04-15'),
	 (53,53,5,1043.00,'Fair estimate',true,'2026-04-15'),
	 (54,54,12,214.00,'Fair estimate',true,'2026-04-15'),
	 (55,55,6,929.00,'Fair estimate',true,'2026-04-15'),
	 (56,56,9,1035.00,'Fair estimate',true,'2026-04-15'),
	 (57,57,5,1390.00,'Fair estimate',true,'2026-04-15'),
	 (58,58,10,583.00,'Fair estimate',true,'2026-04-15'),
	 (59,59,9,1853.00,'Fair estimate',true,'2026-04-15'),
	 (60,60,6,805.00,'Fair estimate',true,'2026-04-15');
INSERT INTO proposition (id_proposition,id_produit,id_acheteur,prix_propose,message,date_proposition,statut) VALUES
	 (1,18,24,921.00,'Can you send more pictures?','2026-04-15 18:34:35.113956','acceptee'),
	 (2,46,60,1995.00,'Does it include accessories?','2026-04-15 18:34:35.115149','refusee'),
	 (3,3,59,346.00,'Is it negotiable?','2026-04-15 18:34:35.115494','acceptee'),
	 (4,45,42,150.00,'Can you lower the price?','2026-04-15 18:34:35.115796','refusee'),
	 (5,55,42,875.00,'Is the price firm?','2026-04-15 18:34:35.116125','en_attente'),
	 (6,27,44,362.00,'Would you accept cash?','2026-04-15 18:34:35.116409','en_attente'),
	 (7,3,51,547.00,'Would you accept cash?','2026-04-15 18:34:35.1167','refusee'),
	 (8,36,36,852.00,'Does it include accessories?','2026-04-15 18:34:35.116905','en_attente'),
	 (9,40,22,937.00,'Is it still under warranty?','2026-04-15 18:34:35.117052','refusee'),
	 (10,32,76,301.00,'Is this still available?','2026-04-15 18:34:35.117198','refusee'),
	 (11,59,79,1008.00,'Does it include accessories?','2026-04-15 18:34:35.117329','refusee'),
	 (12,18,36,1673.00,'Would you accept cash?','2026-04-15 18:34:35.117451','en_attente'),
	 (13,59,39,651.00,'Does it include accessories?','2026-04-15 18:34:35.11758','refusee'),
	 (14,57,55,1623.00,'Any defects?','2026-04-15 18:34:35.117842','acceptee'),
	 (15,15,28,1026.00,'Is the price firm?','2026-04-15 18:34:35.118105','acceptee'),
	 (16,9,45,1216.00,'I can pick it up today.','2026-04-15 18:34:35.118305','en_attente'),
	 (17,42,41,906.00,'Is this still available?','2026-04-15 18:34:35.118511','refusee'),
	 (18,6,62,1698.00,'Is the price firm?','2026-04-15 18:34:35.118742','en_attente'),
	 (19,26,66,268.00,'Can we meet tomorrow?','2026-04-15 18:34:35.118966','acceptee'),
	 (20,41,64,1423.00,'Can you send more pictures?','2026-04-15 18:34:35.119112','refusee'),
	 (21,10,51,1236.00,'Is this still available?','2026-04-15 18:34:35.119274','en_attente'),
	 (22,5,73,264.00,'Is it still under warranty?','2026-04-15 18:34:35.119538','refusee'),
	 (23,20,33,553.00,'I can pick it up today.','2026-04-15 18:34:35.11975','refusee'),
	 (24,27,24,531.00,'I can pick it up today.','2026-04-15 18:34:35.119978','en_attente'),
	 (25,44,57,329.00,'Can we meet tomorrow?','2026-04-15 18:34:35.120174','refusee'),
	 (26,24,59,1634.00,'Is the price firm?','2026-04-15 18:34:35.120347','en_attente'),
	 (27,16,47,79.00,'Can we meet tomorrow?','2026-04-15 18:34:35.120558','en_attente'),
	 (28,44,74,661.00,'Would you accept cash?','2026-04-15 18:34:35.120695','refusee'),
	 (29,3,39,1979.00,'Where are you located?','2026-04-15 18:34:35.12082','en_attente'),
	 (30,42,30,1832.00,'Can you reserve it for me?','2026-04-15 18:34:35.120938','en_attente'),
	 (31,36,30,870.00,'Is it still under warranty?','2026-04-15 18:34:35.121046','en_attente'),
	 (32,32,50,218.00,'Can you send more pictures?','2026-04-15 18:34:35.121194','en_attente'),
	 (33,17,51,1734.00,'Any defects?','2026-04-15 18:34:35.121411','refusee'),
	 (34,42,65,655.00,'Would you accept cash?','2026-04-15 18:34:35.121657','refusee'),
	 (35,55,40,1149.00,'Can you reserve it for me?','2026-04-15 18:34:35.121925','en_attente'),
	 (36,12,42,1430.00,'Does it include accessories?','2026-04-15 18:34:35.122122','en_attente'),
	 (37,32,59,389.00,'I can pick it up today.','2026-04-15 18:34:35.122256','en_attente'),
	 (38,46,59,344.00,'Would you accept cash?','2026-04-15 18:34:35.122375','acceptee'),
	 (39,47,42,1085.00,'Is the price firm?','2026-04-15 18:34:35.122522','refusee'),
	 (40,40,71,983.00,'Can you reserve it for me?','2026-04-15 18:34:35.122734','refusee'),
	 (41,46,53,809.00,'Is it still under warranty?','2026-04-15 18:34:35.122868','acceptee'),
	 (42,8,76,1769.00,'Would you accept cash?','2026-04-15 18:34:35.122989','acceptee'),
	 (43,32,79,1121.00,'Is this still available?','2026-04-15 18:34:35.12317','refusee'),
	 (44,24,72,1999.00,'Where are you located?','2026-04-15 18:34:35.123382','refusee'),
	 (45,11,47,328.00,'Would you accept cash?','2026-04-15 18:34:35.123554','refusee'),
	 (46,7,76,1420.00,'Is the price firm?','2026-04-15 18:34:35.123788','refusee'),
	 (47,29,41,1487.00,'Can you lower the price?','2026-04-15 18:34:35.124048','en_attente'),
	 (48,48,45,661.00,'Is it negotiable?','2026-04-15 18:34:35.124304','acceptee'),
	 (49,39,73,1930.00,'Can you reserve it for me?','2026-04-15 18:34:35.124507','refusee'),
	 (50,28,72,446.00,'Can you reserve it for me?','2026-04-15 18:34:35.124649','refusee'),
	 (51,19,80,117.00,'Would you accept cash?','2026-04-15 18:34:35.124776','refusee'),
	 (52,48,21,833.00,'Where are you located?','2026-04-15 18:34:35.124892','acceptee'),
	 (53,7,63,1897.00,'Is it still under warranty?','2026-04-15 18:34:35.125033','refusee'),
	 (54,33,22,1798.00,'Does it include accessories?','2026-04-15 18:34:35.12529','refusee'),
	 (55,7,43,1292.00,'Can we meet tomorrow?','2026-04-15 18:34:35.125574','en_attente'),
	 (56,5,36,895.00,'Is it still under warranty?','2026-04-15 18:34:35.125719','en_attente'),
	 (57,34,64,1586.00,'Is the price firm?','2026-04-15 18:34:35.126001','acceptee'),
	 (58,51,28,306.00,'Can you lower the price?','2026-04-15 18:34:35.12626','refusee'),
	 (59,45,39,533.00,'Any defects?','2026-04-15 18:34:35.12655','acceptee'),
	 (60,9,22,347.00,'Can you send more pictures?','2026-04-15 18:34:35.126775','refusee'),
	 (61,9,77,263.00,'Does it include accessories?','2026-04-15 18:34:35.127024','refusee'),
	 (62,26,34,571.00,'Does it include accessories?','2026-04-15 18:34:35.127244','acceptee'),
	 (63,18,67,1141.00,'I can pick it up today.','2026-04-15 18:34:35.127392','refusee'),
	 (64,48,35,1095.00,'Any defects?','2026-04-15 18:34:35.127579','acceptee'),
	 (65,35,23,670.00,'Is it negotiable?','2026-04-15 18:34:35.127812','acceptee'),
	 (66,55,37,740.00,'Can you lower the price?','2026-04-15 18:34:35.128031','en_attente'),
	 (67,52,76,1666.00,'Does it include accessories?','2026-04-15 18:34:35.128234','en_attente'),
	 (68,44,26,859.00,'Can we meet tomorrow?','2026-04-15 18:34:35.12847','acceptee'),
	 (69,41,60,1783.00,'Does it include accessories?','2026-04-15 18:34:35.128618','acceptee'),
	 (70,5,43,1147.00,'Is it still under warranty?','2026-04-15 18:34:35.12875','refusee'),
	 (71,11,44,1358.00,'Does it include accessories?','2026-04-15 18:34:35.128879','acceptee'),
	 (72,41,78,291.00,'Can you reserve it for me?','2026-04-15 18:34:35.129008','acceptee'),
	 (73,42,66,777.00,'Would you accept cash?','2026-04-15 18:34:35.129121','refusee'),
	 (74,9,31,1854.00,'Is the price firm?','2026-04-15 18:34:35.129239','acceptee'),
	 (75,18,20,310.00,'Would you accept cash?','2026-04-15 18:34:35.129391','refusee'),
	 (76,22,74,1855.00,'Would you accept cash?','2026-04-15 18:34:35.129611','acceptee'),
	 (77,39,39,1723.00,'Where are you located?','2026-04-15 18:34:35.129754','refusee'),
	 (78,11,45,1848.00,'I can pick it up today.','2026-04-15 18:34:35.129875','refusee'),
	 (79,33,71,1106.00,'Can you lower the price?','2026-04-15 18:34:35.129999','en_attente'),
	 (80,56,51,1484.00,'Is the price firm?','2026-04-15 18:34:35.130194','en_attente'),
	 (81,20,23,1712.00,'Is it negotiable?','2026-04-15 18:34:35.130415','refusee'),
	 (82,54,34,814.00,'Is it still under warranty?','2026-04-15 18:34:35.130559','refusee'),
	 (83,25,65,1014.00,'Can you reserve it for me?','2026-04-15 18:34:35.130789','acceptee'),
	 (84,29,49,1658.00,'Any defects?','2026-04-15 18:34:35.131286','acceptee'),
	 (85,26,52,1801.00,'Is the price firm?','2026-04-15 18:34:35.131579','acceptee'),
	 (86,47,33,1137.00,'Does it include accessories?','2026-04-15 18:34:35.131815','acceptee'),
	 (87,37,51,1101.00,'Can you send more pictures?','2026-04-15 18:34:35.132055','refusee'),
	 (88,32,22,1801.00,'Is the price firm?','2026-04-15 18:34:35.132587','acceptee'),
	 (89,12,51,1467.00,'Does it include accessories?','2026-04-15 18:34:35.13285','en_attente'),
	 (90,4,60,1032.00,'Is the price firm?','2026-04-15 18:34:35.133757','acceptee'),
	 (91,33,45,455.00,'Can you lower the price?','2026-04-15 18:34:35.133969','en_attente'),
	 (92,35,49,185.00,'I can pick it up today.','2026-04-15 18:34:35.134112','acceptee'),
	 (93,7,38,1809.00,'Can you lower the price?','2026-04-15 18:34:35.134304','refusee'),
	 (94,47,24,1070.00,'Is the price firm?','2026-04-15 18:34:35.13457','acceptee'),
	 (95,19,75,703.00,'Any defects?','2026-04-15 18:34:35.134832','refusee'),
	 (96,59,52,1481.00,'Is the price firm?','2026-04-15 18:34:35.135075','refusee'),
	 (97,22,55,1040.00,'Is it still under warranty?','2026-04-15 18:34:35.135308','en_attente'),
	 (98,52,62,112.00,'Is this still available?','2026-04-15 18:34:35.135553','refusee'),
	 (99,6,40,1296.00,'I can pick it up today.','2026-04-15 18:34:35.135773','en_attente'),
	 (100,7,39,1792.00,'Where are you located?','2026-04-15 18:34:35.135918','refusee'),
	 (101,9,46,1590.00,'Where are you located?','2026-04-15 18:34:35.136086','en_attente'),
	 (102,27,31,1501.00,'Can you lower the price?','2026-04-15 18:34:35.136327','acceptee'),
	 (103,25,55,1653.00,'Is the price firm?','2026-04-15 18:34:35.136557','refusee'),
	 (104,30,73,142.00,'Is the price firm?','2026-04-15 18:34:35.136701','refusee'),
	 (105,48,26,837.00,'Is this still available?','2026-04-15 18:34:35.136835','refusee'),
	 (106,41,30,562.00,'Can we meet tomorrow?','2026-04-15 18:34:35.137026','en_attente'),
	 (107,47,41,942.00,'Is the price firm?','2026-04-15 18:34:35.137263','en_attente'),
	 (108,5,23,1532.00,'I can pick it up today.','2026-04-15 18:34:35.137487','acceptee'),
	 (109,32,52,91.00,'Can you send more pictures?','2026-04-15 18:34:35.13763','en_attente'),
	 (110,43,54,375.00,'Can you send more pictures?','2026-04-15 18:34:35.137756','acceptee'),
	 (111,54,65,1029.00,'Is the price firm?','2026-04-15 18:34:35.137879','acceptee'),
	 (112,5,63,683.00,'Where are you located?','2026-04-15 18:34:35.137998','acceptee'),
	 (113,3,54,1097.00,'Is this still available?','2026-04-15 18:34:35.138116','en_attente'),
	 (114,11,46,262.00,'Can we meet tomorrow?','2026-04-15 18:34:35.138242','acceptee'),
	 (115,13,64,1091.00,'Does it include accessories?','2026-04-15 18:34:35.138566','refusee'),
	 (116,34,43,1663.00,'Can you lower the price?','2026-04-15 18:34:35.138708','refusee'),
	 (117,19,61,1732.00,'Is it negotiable?','2026-04-15 18:34:35.138828','refusee'),
	 (118,41,74,1553.00,'Is the price firm?','2026-04-15 18:34:35.138947','en_attente'),
	 (119,15,54,1481.00,'Any defects?','2026-04-15 18:34:35.139124','en_attente'),
	 (120,28,33,646.00,'Is it negotiable?','2026-04-15 18:34:35.139379','refusee');
INSERT INTO vente (id_vente,id_produit,id_acheteur,id_proposition,prix_final,date_vente,methode_paiement) VALUES
	 (1,1,69,1,154.00,'2026-04-15 18:34:35.139577','carte'),
	 (2,2,23,2,887.00,'2026-04-15 18:34:35.141221','comptant'),
	 (3,3,23,3,622.00,'2026-04-15 18:34:35.141425','carte'),
	 (4,4,73,4,1159.00,'2026-04-15 18:34:35.141626','paypal'),
	 (5,5,35,5,293.00,'2026-04-15 18:34:35.14191','paypal'),
	 (6,6,69,6,824.00,'2026-04-15 18:34:35.142246','paypal'),
	 (7,7,35,7,946.00,'2026-04-15 18:34:35.142552','carte'),
	 (8,8,59,8,1566.00,'2026-04-15 18:34:35.142762','comptant'),
	 (9,9,22,9,1316.00,'2026-04-15 18:34:35.14291','virement'),
	 (10,10,56,10,524.00,'2026-04-15 18:34:35.143047','paypal'),
	 (11,11,31,11,350.00,'2026-04-15 18:34:35.1432','virement'),
	 (12,12,65,12,802.00,'2026-04-15 18:34:35.143453','comptant'),
	 (13,13,71,13,1986.00,'2026-04-15 18:34:35.143672','carte'),
	 (14,14,77,14,662.00,'2026-04-15 18:34:35.143815','carte'),
	 (15,15,24,15,512.00,'2026-04-15 18:34:35.14395','carte'),
	 (16,16,75,16,1370.00,'2026-04-15 18:34:35.144078','carte'),
	 (17,17,74,17,1427.00,'2026-04-15 18:34:35.144206','paypal'),
	 (18,18,53,18,895.00,'2026-04-15 18:34:35.144358','virement'),
	 (19,19,73,19,279.00,'2026-04-15 18:34:35.144563','paypal'),
	 (20,20,55,20,1987.00,'2026-04-15 18:34:35.144715','paypal'),
	 (21,21,52,21,696.00,'2026-04-15 18:34:35.144845','virement'),
	 (22,22,69,22,1471.00,'2026-04-15 18:34:35.144969','paypal'),
	 (23,23,49,23,1460.00,'2026-04-15 18:34:35.145108','virement'),
	 (24,24,72,24,1226.00,'2026-04-15 18:34:35.145355','carte'),
	 (25,25,44,25,915.00,'2026-04-15 18:34:35.145555','paypal'),
	 (26,26,78,26,424.00,'2026-04-15 18:34:35.145695','carte'),
	 (27,27,38,27,758.00,'2026-04-15 18:34:35.145826','carte'),
	 (28,28,34,28,1442.00,'2026-04-15 18:34:35.145965','paypal'),
	 (29,29,26,29,619.00,'2026-04-15 18:34:35.146095','carte'),
	 (30,30,71,30,704.00,'2026-04-15 18:34:35.146221','virement'),
	 (31,31,36,31,1623.00,'2026-04-15 18:34:35.146347','virement'),
	 (32,32,61,32,1958.00,'2026-04-15 18:34:35.146492','carte'),
	 (33,33,41,33,377.00,'2026-04-15 18:34:35.146767','paypal'),
	 (34,34,76,34,1154.00,'2026-04-15 18:34:35.146983','virement'),
	 (35,35,72,35,567.00,'2026-04-15 18:34:35.147242','comptant'),
	 (36,36,56,36,742.00,'2026-04-15 18:34:35.14745','comptant'),
	 (37,37,75,37,1329.00,'2026-04-15 18:34:35.147628','paypal'),
	 (38,38,26,38,130.00,'2026-04-15 18:34:35.147876','virement'),
	 (39,39,39,39,1126.00,'2026-04-15 18:34:35.148119','virement'),
	 (40,40,50,40,278.00,'2026-04-15 18:34:35.148336','virement');
INSERT INTO evaluation (id_evaluation,id_vente,id_evaluateur,id_evalue,note,commentaire,date_evaluation) VALUES
	 (1,1,78,32,4.2,'Smooth transaction','2026-04-15'),
	 (2,2,67,33,4.9,'Smooth transaction','2026-04-15'),
	 (3,3,68,15,4.2,'Smooth transaction','2026-04-15'),
	 (4,4,32,15,3.8,'Smooth transaction','2026-04-15'),
	 (5,5,47,9,3.7,'Smooth transaction','2026-04-15'),
	 (6,6,41,11,3.5,'Smooth transaction','2026-04-15'),
	 (7,7,69,26,4.1,'Smooth transaction','2026-04-15'),
	 (8,8,35,16,4.1,'Smooth transaction','2026-04-15'),
	 (9,9,68,40,4.4,'Smooth transaction','2026-04-15'),
	 (10,10,49,18,3.8,'Smooth transaction','2026-04-15'),
	 (11,11,45,22,4.7,'Smooth transaction','2026-04-15'),
	 (12,12,55,33,4.9,'Smooth transaction','2026-04-15'),
	 (13,13,41,24,4.8,'Smooth transaction','2026-04-15'),
	 (14,14,31,26,4.7,'Smooth transaction','2026-04-15'),
	 (15,15,41,28,3.6,'Smooth transaction','2026-04-15'),
	 (16,16,34,37,4.5,'Smooth transaction','2026-04-15'),
	 (17,17,35,4,4.8,'Smooth transaction','2026-04-15'),
	 (18,18,72,38,4.5,'Smooth transaction','2026-04-15'),
	 (19,19,24,13,4.1,'Smooth transaction','2026-04-15'),
	 (20,20,45,31,4.0,'Smooth transaction','2026-04-15'),
	 (21,21,55,37,5.0,'Smooth transaction','2026-04-15'),
	 (22,22,51,6,4.4,'Smooth transaction','2026-04-15'),
	 (23,23,80,13,4.0,'Smooth transaction','2026-04-15'),
	 (24,24,70,36,4.3,'Smooth transaction','2026-04-15'),
	 (25,25,78,14,4.1,'Smooth transaction','2026-04-15'),
	 (26,26,32,20,4.9,'Smooth transaction','2026-04-15'),
	 (27,27,55,1,4.5,'Smooth transaction','2026-04-15'),
	 (28,28,64,3,4.5,'Smooth transaction','2026-04-15'),
	 (29,29,25,16,4.9,'Smooth transaction','2026-04-15'),
	 (30,30,43,1,4.6,'Smooth transaction','2026-04-15'),
	 (31,31,32,33,4.9,'Smooth transaction','2026-04-15'),
	 (32,32,28,28,4.9,'Smooth transaction','2026-04-15'),
	 (33,33,23,26,4.3,'Smooth transaction','2026-04-15'),
	 (34,34,29,16,4.1,'Smooth transaction','2026-04-15'),
	 (35,35,38,6,3.7,'Smooth transaction','2026-04-15'),
	 (36,36,64,17,3.6,'Smooth transaction','2026-04-15'),
	 (37,37,52,3,4.0,'Smooth transaction','2026-04-15'),
	 (38,38,41,20,4.1,'Smooth transaction','2026-04-15'),
	 (39,39,41,22,4.6,'Smooth transaction','2026-04-15'),
	 (40,40,45,25,3.7,'Smooth transaction','2026-04-15');
INSERT INTO photoproduit (id_photo,id_produit,url_photo,description,principale) VALUES
	 (1,1,'image1.jpg','Product image',true),
	 (2,2,'image2.jpg','Product image',true),
	 (3,3,'image3.jpg','Product image',true),
	 (4,4,'image4.jpg','Product image',true),
	 (5,5,'image5.jpg','Product image',true),
	 (6,6,'image6.jpg','Product image',true),
	 (7,7,'image7.jpg','Product image',true),
	 (8,8,'image8.jpg','Product image',true),
	 (9,9,'image9.jpg','Product image',true),
	 (10,10,'image10.jpg','Product image',true),
	 (11,11,'image11.jpg','Product image',true),
	 (12,12,'image12.jpg','Product image',true),
	 (13,13,'image13.jpg','Product image',true),
	 (14,14,'image14.jpg','Product image',true),
	 (15,15,'image15.jpg','Product image',true),
	 (16,16,'image16.jpg','Product image',true),
	 (17,17,'image17.jpg','Product image',true),
	 (18,18,'image18.jpg','Product image',true),
	 (19,19,'image19.jpg','Product image',true),
	 (20,20,'image20.jpg','Product image',true),
	 (21,21,'image21.jpg','Product image',true),
	 (22,22,'image22.jpg','Product image',true),
	 (23,23,'image23.jpg','Product image',true),
	 (24,24,'image24.jpg','Product image',true),
	 (25,25,'image25.jpg','Product image',true),
	 (26,26,'image26.jpg','Product image',true),
	 (27,27,'image27.jpg','Product image',true),
	 (28,28,'image28.jpg','Product image',true),
	 (29,29,'image29.jpg','Product image',true),
	 (30,30,'image30.jpg','Product image',true),
	 (31,31,'image31.jpg','Product image',true),
	 (32,32,'image32.jpg','Product image',true),
	 (33,33,'image33.jpg','Product image',true),
	 (34,34,'image34.jpg','Product image',true),
	 (35,35,'image35.jpg','Product image',true),
	 (36,36,'image36.jpg','Product image',true),
	 (37,37,'image37.jpg','Product image',true),
	 (38,38,'image38.jpg','Product image',true),
	 (39,39,'image39.jpg','Product image',true),
	 (40,40,'image40.jpg','Product image',true),
	 (41,41,'image41.jpg','Product image',true),
	 (42,42,'image42.jpg','Product image',true),
	 (43,43,'image43.jpg','Product image',true),
	 (44,44,'image44.jpg','Product image',true),
	 (45,45,'image45.jpg','Product image',true),
	 (46,46,'image46.jpg','Product image',true),
	 (47,47,'image47.jpg','Product image',true),
	 (48,48,'image48.jpg','Product image',true),
	 (49,49,'image49.jpg','Product image',true),
	 (50,50,'image50.jpg','Product image',true),
	 (51,51,'image51.jpg','Product image',true),
	 (52,52,'image52.jpg','Product image',true),
	 (53,53,'image53.jpg','Product image',true),
	 (54,54,'image54.jpg','Product image',true),
	 (55,55,'image55.jpg','Product image',true),
	 (56,56,'image56.jpg','Product image',true),
	 (57,57,'image57.jpg','Product image',true),
	 (58,58,'image58.jpg','Product image',true),
	 (59,59,'image59.jpg','Product image',true),
	 (60,60,'image60.jpg','Product image',true);
INSERT INTO message (id_message,id_expediteur,id_destinataire,id_produit,contenu,date_envoi,lu) VALUES
	 (1,48,24,56,'Is the price firm?','2026-04-15 18:34:35.169762',false),
	 (2,55,44,49,'Can you reserve it for me?','2026-04-15 18:34:35.171327',false),
	 (3,72,2,50,'Where are you located?','2026-04-15 18:34:35.171584',false),
	 (4,45,40,14,'Is this still available?','2026-04-15 18:34:35.171776',false),
	 (5,26,57,24,'Can we meet tomorrow?','2026-04-15 18:34:35.172037',false),
	 (6,60,62,53,'I can pick it up today.','2026-04-15 18:34:35.17226',false),
	 (7,80,75,6,'Is it negotiable?','2026-04-15 18:34:35.172504',false),
	 (8,46,63,52,'Would you accept cash?','2026-04-15 18:34:35.172646',false),
	 (9,55,38,49,'Can you reserve it for me?','2026-04-15 18:34:35.172769',false),
	 (10,29,58,8,'I can pick it up today.','2026-04-15 18:34:35.172884',false),
	 (11,38,78,14,'Any defects?','2026-04-15 18:34:35.173053',false),
	 (12,30,43,16,'I can pick it up today.','2026-04-15 18:34:35.173314',false),
	 (13,66,13,48,'Any defects?','2026-04-15 18:34:35.173527',false),
	 (14,22,48,22,'Can you reserve it for me?','2026-04-15 18:34:35.173658',false),
	 (15,42,11,37,'Any defects?','2026-04-15 18:34:35.173778',false),
	 (16,31,54,41,'Where are you located?','2026-04-15 18:34:35.173897',false),
	 (17,26,12,47,'Would you accept cash?','2026-04-15 18:34:35.174133',false),
	 (18,24,5,18,'Does it include accessories?','2026-04-15 18:34:35.174346',false),
	 (19,78,44,44,'Is the price firm?','2026-04-15 18:34:35.174547',false),
	 (20,63,62,54,'Would you accept cash?','2026-04-15 18:34:35.174733',false),
	 (21,43,12,8,'Is it still under warranty?','2026-04-15 18:34:35.17493',false),
	 (22,73,31,50,'I can pick it up today.','2026-04-15 18:34:35.175081',false),
	 (23,55,71,36,'Can you lower the price?','2026-04-15 18:34:35.175342',false),
	 (24,18,67,30,'I can pick it up today.','2026-04-15 18:34:35.175571',false),
	 (25,21,51,49,'Where are you located?','2026-04-15 18:34:35.175795',false),
	 (26,12,53,18,'Can you lower the price?','2026-04-15 18:34:35.176033',false),
	 (27,2,52,24,'Can you reserve it for me?','2026-04-15 18:34:35.176249',false),
	 (28,25,38,2,'Any defects?','2026-04-15 18:34:35.176483',false),
	 (29,1,12,33,'Can you send more pictures?','2026-04-15 18:34:35.176666',false),
	 (30,80,4,55,'Is this still available?','2026-04-15 18:34:35.176796',false),
	 (31,38,79,54,'Can you lower the price?','2026-04-15 18:34:35.17691',false),
	 (32,11,39,36,'Where are you located?','2026-04-15 18:34:35.177023',false),
	 (33,26,52,6,'Does it include accessories?','2026-04-15 18:34:35.177134',false),
	 (34,19,61,3,'Is it negotiable?','2026-04-15 18:34:35.177257',false),
	 (35,79,31,11,'Where are you located?','2026-04-15 18:34:35.177418',false),
	 (36,74,48,32,'Can you send more pictures?','2026-04-15 18:34:35.177645',false),
	 (37,1,28,44,'Is it still under warranty?','2026-04-15 18:34:35.177837',false),
	 (38,62,8,34,'Is it negotiable?','2026-04-15 18:34:35.177967',false),
	 (39,36,40,11,'Any defects?','2026-04-15 18:34:35.17809',false),
	 (40,66,1,47,'Where are you located?','2026-04-15 18:34:35.178206',false),
	 (41,52,41,55,'Is the price firm?','2026-04-15 18:34:35.17832',false),
	 (42,69,31,43,'Does it include accessories?','2026-04-15 18:34:35.17843',false),
	 (43,58,36,1,'Does it include accessories?','2026-04-15 18:34:35.178542',false),
	 (44,73,64,57,'Is this still available?','2026-04-15 18:34:35.178656',false),
	 (45,53,15,9,'Would you accept cash?','2026-04-15 18:34:35.178766',false),
	 (46,47,16,30,'I can pick it up today.','2026-04-15 18:34:35.178877',false),
	 (47,48,38,20,'I can pick it up today.','2026-04-15 18:34:35.178986',false),
	 (48,56,43,13,'Is it still under warranty?','2026-04-15 18:34:35.179175',false),
	 (49,23,36,23,'I can pick it up today.','2026-04-15 18:34:35.179418',false),
	 (50,71,17,54,'Where are you located?','2026-04-15 18:34:35.179692',false),
	 (51,6,65,26,'Can you send more pictures?','2026-04-15 18:34:35.179932',false),
	 (52,14,8,45,'Any defects?','2026-04-15 18:34:35.180193',false),
	 (53,63,55,58,'Would you accept cash?','2026-04-15 18:34:35.180407',false),
	 (54,34,20,44,'Can you send more pictures?','2026-04-15 18:34:35.180564',false),
	 (55,19,8,44,'Can we meet tomorrow?','2026-04-15 18:34:35.180711',false),
	 (56,48,48,6,'Would you accept cash?','2026-04-15 18:34:35.180885',false),
	 (57,76,23,21,'Any defects?','2026-04-15 18:34:35.181143',false),
	 (58,52,67,11,'Would you accept cash?','2026-04-15 18:34:35.181357',false),
	 (59,71,66,17,'Can you reserve it for me?','2026-04-15 18:34:35.181518',false),
	 (60,69,61,25,'Would you accept cash?','2026-04-15 18:34:35.181675',false),
	 (61,3,50,23,'Where are you located?','2026-04-15 18:34:35.181949',false),
	 (62,65,80,27,'Can you reserve it for me?','2026-04-15 18:34:35.182226',false),
	 (63,17,61,1,'Any defects?','2026-04-15 18:34:35.182457',false),
	 (64,29,73,38,'Would you accept cash?','2026-04-15 18:34:35.182733',false),
	 (65,76,70,29,'Can you reserve it for me?','2026-04-15 18:34:35.182964',false),
	 (66,63,73,41,'Is this still available?','2026-04-15 18:34:35.183122',false),
	 (67,41,23,53,'Can we meet tomorrow?','2026-04-15 18:34:35.183267',false),
	 (68,64,20,12,'I can pick it up today.','2026-04-15 18:34:35.183407',false),
	 (69,68,78,51,'Where are you located?','2026-04-15 18:34:35.183547',false),
	 (70,8,28,39,'Can you lower the price?','2026-04-15 18:34:35.183685',false),
	 (71,36,53,16,'Can you reserve it for me?','2026-04-15 18:34:35.18388',false),
	 (72,47,15,44,'Can we meet tomorrow?','2026-04-15 18:34:35.184115',false),
	 (73,70,1,27,'Can you send more pictures?','2026-04-15 18:34:35.184375',false),
	 (74,8,37,6,'Is it negotiable?','2026-04-15 18:34:35.184649',false),
	 (75,25,47,8,'Would you accept cash?','2026-04-15 18:34:35.184928',false),
	 (76,66,53,42,'Is it still under warranty?','2026-04-15 18:34:35.185191',false),
	 (77,13,61,1,'Can you send more pictures?','2026-04-15 18:34:35.185462',false),
	 (78,67,17,1,'Is it still under warranty?','2026-04-15 18:34:35.185733',false),
	 (79,4,26,25,'Is it still under warranty?','2026-04-15 18:34:35.185986',false),
	 (80,18,5,48,'Is it still under warranty?','2026-04-15 18:34:35.186254',false);
INSERT INTO favori (id_acheteur,id_produit,date_ajout) VALUES
	 (60,53,'2026-04-15 18:34:35.186491'),
	 (79,51,'2026-04-15 18:34:35.188318'),
	 (64,41,'2026-04-15 18:34:35.188634'),
	 (37,33,'2026-04-15 18:34:35.188945'),
	 (31,56,'2026-04-15 18:34:35.189209'),
	 (66,23,'2026-04-15 18:34:35.18944'),
	 (32,21,'2026-04-15 18:34:35.18969'),
	 (53,16,'2026-04-15 18:34:35.189886'),
	 (30,48,'2026-04-15 18:34:35.190026'),
	 (52,8,'2026-04-15 18:34:35.190155'),
	 (29,52,'2026-04-15 18:34:35.190283'),
	 (35,1,'2026-04-15 18:34:35.190438'),
	 (42,34,'2026-04-15 18:34:35.190666'),
	 (61,56,'2026-04-15 18:34:35.190886'),
	 (34,5,'2026-04-15 18:34:35.191102'),
	 (47,2,'2026-04-15 18:34:35.191499'),
	 (51,57,'2026-04-15 18:34:35.191721'),
	 (69,17,'2026-04-15 18:34:35.191937'),
	 (43,7,'2026-04-15 18:34:35.192163'),
	 (49,2,'2026-04-15 18:34:35.192393'),
	 (33,24,'2026-04-15 18:34:35.192624'),
	 (34,53,'2026-04-15 18:34:35.192836'),
	 (56,53,'2026-04-15 18:34:35.193057'),
	 (71,17,'2026-04-15 18:34:35.193268'),
	 (61,49,'2026-04-15 18:34:35.193512'),
	 (72,15,'2026-04-15 18:34:35.193738'),
	 (36,4,'2026-04-15 18:34:35.194'),
	 (53,20,'2026-04-15 18:34:35.194274'),
	 (63,31,'2026-04-15 18:34:35.194477'),
	 (37,30,'2026-04-15 18:34:35.194736'),
	 (77,41,'2026-04-15 18:34:35.194964'),
	 (25,13,'2026-04-15 18:34:35.195218'),
	 (30,27,'2026-04-15 18:34:35.195469'),
	 (71,19,'2026-04-15 18:34:35.195738'),
	 (74,36,'2026-04-15 18:34:35.19598'),
	 (67,15,'2026-04-15 18:34:35.196276'),
	 (21,45,'2026-04-15 18:34:35.196539'),
	 (53,43,'2026-04-15 18:34:35.196757'),
	 (20,12,'2026-04-15 18:34:35.196993'),
	 (57,40,'2026-04-15 18:34:35.197226'),
	 (33,58,'2026-04-15 18:34:35.197459'),
	 (62,48,'2026-04-15 18:34:35.197681'),
	 (36,38,'2026-04-15 18:34:35.197909'),
	 (24,18,'2026-04-15 18:34:35.198098'),
	 (50,58,'2026-04-15 18:34:35.198347'),
	 (69,16,'2026-04-15 18:34:35.19863'),
	 (70,24,'2026-04-15 18:34:35.198895'),
	 (76,12,'2026-04-15 18:34:35.19916'),
	 (45,52,'2026-04-15 18:34:35.199393'),
	 (23,3,'2026-04-15 18:34:35.199615'),
	 (24,32,'2026-04-15 18:34:35.19985'),
	 (45,45,'2026-04-15 18:34:35.200058'),
	 (69,2,'2026-04-15 18:34:35.200272'),
	 (38,33,'2026-04-15 18:34:35.200827'),
	 (40,30,'2026-04-15 18:34:35.201093'),
	 (57,46,'2026-04-15 18:34:35.201306'),
	 (34,29,'2026-04-15 18:34:35.201514'),
	 (63,44,'2026-04-15 18:34:35.201746'),
	 (74,28,'2026-04-15 18:34:35.201974'),
	 (26,15,'2026-04-15 18:34:35.202227'),
	 (32,31,'2026-04-15 18:34:35.202456'),
	 (33,48,'2026-04-15 18:34:35.202679'),
	 (34,13,'2026-04-15 18:34:35.202952'),
	 (58,13,'2026-04-15 18:34:35.203205'),
	 (31,50,'2026-04-15 18:34:35.20347'),
	 (69,43,'2026-04-15 18:34:35.203721'),
	 (43,42,'2026-04-15 18:34:35.203947'),
	 (59,14,'2026-04-15 18:34:35.204193'),
	 (29,46,'2026-04-15 18:34:35.20443'),
	 (31,43,'2026-04-15 18:34:35.204692'),
	 (40,9,'2026-04-15 18:34:35.204928'),
	 (25,39,'2026-04-15 18:34:35.205167'),
	 (79,40,'2026-04-15 18:34:35.205396'),
	 (79,49,'2026-04-15 18:34:35.20562'),
	 (64,39,'2026-04-15 18:34:35.205828'),
	 (60,17,'2026-04-15 18:34:35.206002'),
	 (22,42,'2026-04-15 18:34:35.206148'),
	 (68,18,'2026-04-15 18:34:35.206349'),
	 (69,47,'2026-04-15 18:34:35.206574'),
	 (21,7,'2026-04-15 18:34:35.206797');

-- =============================================
-- Données supplémentaires pour atteindre 50+ occurrences par table
-- =============================================

-- 10 nouveaux utilisateurs (IDs 81-90) → servent d'annonceurs
INSERT INTO utilisateur (id_utilisateur,nom,prenom,courriel,mot_de_passe,telephone,adresse,ville,province,code_postal,date_inscription) VALUES
	 (81,'Tremblay','Marc','marc.tremblay81@mail.com','pass','+1-514-923-4567','123 Rue Sainte-Catherine, Apt 5','Montreal','QC','H3B 1A1','2026-01-10'),
	 (82,'Bouchard','Sophie','sophie.bouchard82@mail.com','pass','+1-418-234-5678','456 Grande Allée, Apt 12','Quebec City','QC','G1R 2J5','2026-01-10'),
	 (83,'Lavoie','Kevin','kevin.lavoie83@mail.com','pass','+1-450-345-6789','789 Boulevard Taschereau, Apt 3','Longueuil','QC','J4K 2T9','2026-01-10'),
	 (84,'Gagnon','Amelie','amelie.gagnon84@mail.com','pass','+1-819-456-7890','321 Rue King, Apt 7','Sherbrooke','QC','J1H 1P1','2026-01-10'),
	 (85,'Leblanc','Patrick','patrick.leblanc85@mail.com','pass','+1-905-567-8901','654 Yonge Street, Apt 20','Toronto','ON','M4Y 1Z7','2026-01-10'),
	 (86,'Fortin','Isabelle','isabelle.fortin86@mail.com','pass','+1-604-678-9012','987 Robson Street, Apt 15','Vancouver','BC','V6Z 2E7','2026-01-10'),
	 (87,'Cote','Julien','julien.cote87@mail.com','pass','+1-780-789-0123','147 Jasper Avenue, Apt 8','Edmonton','AB','T5J 1W8','2026-01-10'),
	 (88,'Morin','Nathalie','nathalie.morin88@mail.com','pass','+1-403-890-1234','258 17 Avenue SW, Apt 11','Calgary','AB','T2T 0A9','2026-01-10'),
	 (89,'Pelletier','Alexandre','alexandre.pelletier89@mail.com','pass','+1-506-901-2345','369 Main Street, Apt 4','Moncton','NB','E1C 1B9','2026-01-10'),
	 (90,'Beaulieu','Chantal','chantal.beaulieu90@mail.com','pass','+1-902-012-3456','741 Spring Garden Road, Apt 9','Halifax','NS','B3J 3R5','2026-01-10');

-- 10 nouveaux annonceurs (IDs 81-90) → total 50 annonceurs ✓
INSERT INTO annonceur (id_annonceur,note_moyenne,nb_ventes) VALUES
	 (81,4.20,5),
	 (82,3.95,8),
	 (83,4.55,12),
	 (84,4.10,3),
	 (85,4.75,20),
	 (86,3.80,7),
	 (87,4.30,15),
	 (88,4.60,9),
	 (89,3.70,2),
	 (90,4.45,11);

-- 40 nouveaux experts (IDs 20-59, utilisateurs déjà acheteurs) → total 50 experts ✓
INSERT INTO expert (id_expert,domaine_expertise,nb_estimations,date_certification) VALUES
	 (20,'Électronique',15,'2024-03-10'),
	 (21,'Véhicules',22,'2023-07-22'),
	 (22,'Mobilier',18,'2024-01-15'),
	 (23,'Antiquités',31,'2022-11-08'),
	 (24,'Bijouterie',27,'2023-05-30'),
	 (25,'Art et décoration',19,'2024-02-14'),
	 (26,'Mode et vêtements',12,'2024-04-01'),
	 (27,'Sports et loisirs',24,'2023-09-17'),
	 (28,'Instruments de musique',16,'2024-03-22'),
	 (29,'Livres et collectibles',20,'2023-12-05'),
	 (30,'Électronique',33,'2022-08-14'),
	 (31,'Véhicules',28,'2023-03-20'),
	 (32,'Mobilier',21,'2024-01-08'),
	 (33,'Antiquités',14,'2024-04-10'),
	 (34,'Bijouterie',35,'2022-06-25'),
	 (35,'Art et décoration',17,'2023-10-12'),
	 (36,'Mode et vêtements',29,'2023-02-18'),
	 (37,'Sports et loisirs',11,'2024-03-05'),
	 (38,'Instruments de musique',23,'2023-08-30'),
	 (39,'Livres et collectibles',26,'2022-12-14'),
	 (40,'Électronique',38,'2022-05-03'),
	 (41,'Véhicules',19,'2023-11-27'),
	 (42,'Mobilier',25,'2024-02-09'),
	 (43,'Antiquités',30,'2023-04-16'),
	 (44,'Bijouterie',22,'2023-07-08'),
	 (45,'Art et décoration',28,'2022-09-20'),
	 (46,'Mode et vêtements',16,'2024-01-30'),
	 (47,'Sports et loisirs',34,'2022-07-11'),
	 (48,'Instruments de musique',20,'2023-06-25'),
	 (49,'Livres et collectibles',27,'2023-01-19'),
	 (50,'Électronique',42,'2022-03-07'),
	 (51,'Véhicules',31,'2023-09-14'),
	 (52,'Mobilier',18,'2024-02-28'),
	 (53,'Antiquités',24,'2023-05-21'),
	 (54,'Bijouterie',29,'2022-11-03'),
	 (55,'Art et décoration',15,'2024-03-18'),
	 (56,'Mode et vêtements',33,'2022-08-26'),
	 (57,'Sports et loisirs',21,'2023-07-04'),
	 (58,'Instruments de musique',14,'2024-01-22'),
	 (59,'Livres et collectibles',37,'2022-04-15');

-- 40 nouvelles catégories (IDs 11-50) → total 50 catégories ✓
INSERT INTO categorie (id_categorie,nom,description,categorie_parent) VALUES
	 (11,'Livres','Livres de tous genres et formats',NULL),
	 (12,'Sports et loisirs','Équipements sportifs et de plein air',NULL),
	 (13,'Jouets et jeux','Jouets et jeux pour tous les âges',NULL),
	 (14,'Instruments de musique','Instruments de musique et accessoires',NULL),
	 (15,'Art et collections','Œuvres d''art, antiquités et collections',NULL),
	 (16,'Outils et bricolage','Outils, quincaillerie et équipements de bricolage',NULL),
	 (17,'Santé et beauté','Produits de santé et de beauté',NULL),
	 (18,'Bébé et enfants','Produits pour bébés et enfants',NULL),
	 (19,'Jardin et extérieur','Outils de jardin et mobilier extérieur',NULL),
	 (20,'Informatique','Matériel informatique et accessoires',1),
	 (21,'Tablettes','Tablettes et liseuses électroniques',1),
	 (22,'Appareils photo','Appareils photo et équipements de photographie',1),
	 (23,'Casques et audio','Casques, enceintes et équipements audio',1),
	 (24,'Consoles de jeux','Consoles de jeux vidéo et accessoires',1),
	 (25,'Montres connectées','Montres intelligentes et bracelets fitness',1),
	 (26,'Téléphones Android','Smartphones Android',2),
	 (27,'Téléphones iOS','iPhones et appareils iOS',2),
	 (28,'Laptops gaming','Ordinateurs portables haute performance pour jeux',3),
	 (29,'Laptops professionnels','Ordinateurs portables pour les affaires et la productivité',3),
	 (30,'Canapés et sofas','Canapés, sofas et méridiences',4),
	 (31,'Lits et matelas','Lits, matelas et sommiers',4),
	 (32,'Bibliothèques et étagères','Bibliothèques et unités de rangement',4),
	 (33,'Bureaux','Bureaux de travail et d''étude',4),
	 (34,'Armoires et commodes','Armoires et commodes',4),
	 (35,'Voitures','Voitures et berlines',7),
	 (36,'Motos','Motos et scooters',7),
	 (37,'Vélos','Vélos et vélos électriques',7),
	 (38,'Vêtements hommes','Vêtements et tenues pour hommes',8),
	 (39,'Vêtements femmes','Vêtements et tenues pour femmes',8),
	 (40,'Électroménagers cuisine','Appareils de cuisine et ustensiles',10),
	 (41,'Électroménagers lessive','Appareils de lavage et séchage',10),
	 (42,'Romans et fiction','Romans et livres de fiction',11),
	 (43,'Non-fiction','Livres non-fiction et éducatifs',11),
	 (44,'Sports extérieurs','Équipements de sports extérieurs',12),
	 (45,'Sports intérieurs','Équipements de salle de sport',12),
	 (46,'Jeux de société','Jeux de société et jeux de cartes',13),
	 (47,'Jeux vidéo','Jeux vidéo et accessoires gaming',13),
	 (48,'Instruments à cordes','Instruments à cordes',14),
	 (49,'Instruments à vent','Instruments à vent et cuivres',14),
	 (50,'Outillage électrique','Outils électriques et équipements',16);

-- 10 nouveaux produits (IDs 61-70) avec statut vendu → total 70 produits
INSERT INTO produit (id_produit,titre,description,prix_souhaite,id_annonceur,id_categorie,condition_produit,statut,date_soumission,date_publication) VALUES
	 (61,'iPhone 14 Pro','Excellent état, 256 Go, déverrouillé',950.00,81,2,'comme_neuf','vendu','2026-01-10','2026-01-12'),
	 (62,'Table de salle à manger','Bois massif, 8 places, très bon état',600.00,82,6,'bon','vendu','2026-01-15','2026-01-17'),
	 (63,'Toyota RAV4 2020','52 000 km, très bon état général',28000.00,83,7,'bon','vendu','2026-01-20','2026-01-22'),
	 (64,'Veste en cuir noir','Taille L, cuir véritable, légère usure',250.00,84,8,'usage','vendu','2026-01-25','2026-01-27'),
	 (65,'MacBook Air M1','Parfait état, 8 Go RAM, 256 Go SSD',800.00,85,3,'comme_neuf','vendu','2026-02-01','2026-02-03'),
	 (66,'Chaise bureau ergonomique','Réglable, avec accoudoirs, bon état',180.00,86,5,'bon','vendu','2026-02-05','2026-02-07'),
	 (67,'Samsung TV 65 pouces 4K','Très peu utilisé, écran parfait',700.00,87,1,'comme_neuf','vendu','2026-02-10','2026-02-12'),
	 (68,'Réfrigérateur Samsung 600L','Double porte, fonctionne parfaitement',550.00,88,10,'bon','vendu','2026-02-15','2026-02-17'),
	 (69,'Guitare acoustique Yamaha F310','Excellente pour débutants, cordes neuves',200.00,89,14,'usage','vendu','2026-02-20','2026-02-22'),
	 (70,'Vélo de montagne Trek Marlin','21 vitesses, cadre aluminium, bon état',450.00,90,12,'bon','vendu','2026-02-25','2026-02-27');

-- 10 nouvelles estimations (IDs 61-70) → total 70 estimations
INSERT INTO estimation (id_estimation,id_produit,id_expert,prix_estime,commentaire,acceptee,date_decision) VALUES
	 (61,61,5,900.00,'Très bon état, prix cohérent avec le marché',true,'2026-01-11'),
	 (62,62,7,580.00,'Légères marques d''usage, valeur correcte',true,'2026-01-16'),
	 (63,63,6,27000.00,'Kilométrage raisonnable pour l''année du véhicule',true,'2026-01-21'),
	 (64,64,8,235.00,'Usure normale, cuir authentique confirmé',true,'2026-01-26'),
	 (65,65,9,780.00,'Appareil en parfait état, batterie neuve',true,'2026-02-02'),
	 (66,66,10,165.00,'Bon état mécanique, quelques marques d''usure',true,'2026-02-06'),
	 (67,67,11,680.00,'Écran sans rayures, télécommande incluse',true,'2026-02-11'),
	 (68,68,12,525.00,'Fonctionne parfaitement, joints en bon état',true,'2026-02-16'),
	 (69,69,13,185.00,'Cordes récentes, table d''harmonie intacte',true,'2026-02-21'),
	 (70,70,14,430.00,'Freins et dérailleur OK, pneus à surveiller',true,'2026-02-26');

-- 10 nouvelles propositions (IDs 121-130) acceptées → total 130 propositions
INSERT INTO proposition (id_proposition,id_produit,id_acheteur,prix_propose,message,date_proposition,statut) VALUES
	 (121,61,20,950.00,'Très intéressé, je peux venir chercher demain.','2026-01-13 10:15:00','acceptee'),
	 (122,62,22,600.00,'Belle table, je prends!','2026-01-18 14:30:00','acceptee'),
	 (123,63,24,28000.00,'Je voudrais faire un essai routier avant d''acheter.','2026-01-23 09:45:00','acceptee'),
	 (124,64,25,250.00,'La veste est encore disponible?','2026-01-28 16:20:00','acceptee'),
	 (125,65,27,800.00,'MacBook encore disponible? Je l''achète immédiatement.','2026-02-04 11:00:00','acceptee'),
	 (126,66,29,180.00,'Parfait pour mon bureau à domicile.','2026-02-08 13:45:00','acceptee'),
	 (127,67,31,700.00,'Est-ce que la garantie est encore valide?','2026-02-13 10:30:00','acceptee'),
	 (128,68,33,550.00,'Réfrigérateur toujours disponible?','2026-02-18 15:15:00','acceptee'),
	 (129,69,35,200.00,'Parfait pour débuter la guitare!','2026-02-23 12:00:00','acceptee'),
	 (130,70,37,450.00,'Vélo en bon état? Peut-on se rencontrer?','2026-02-28 09:30:00','acceptee');

-- 10 nouvelles ventes (IDs 41-50) → total 50 ventes ✓
INSERT INTO vente (id_vente,id_produit,id_acheteur,id_proposition,prix_final,date_vente,methode_paiement) VALUES
	 (41,61,20,121,950.00,'2026-01-14 10:00:00','virement'),
	 (42,62,22,122,600.00,'2026-01-19 14:00:00','comptant'),
	 (43,63,24,123,28000.00,'2026-01-24 10:00:00','virement'),
	 (44,64,25,124,250.00,'2026-01-29 15:00:00','carte'),
	 (45,65,27,125,800.00,'2026-02-05 11:00:00','paypal'),
	 (46,66,29,126,180.00,'2026-02-09 14:00:00','comptant'),
	 (47,67,31,127,700.00,'2026-02-14 10:00:00','virement'),
	 (48,68,33,128,550.00,'2026-02-19 15:00:00','carte'),
	 (49,69,35,129,200.00,'2026-02-24 12:00:00','comptant'),
	 (50,70,37,130,450.00,'2026-03-01 09:00:00','paypal');

-- 10 nouvelles évaluations (IDs 41-50) → total 50 évaluations ✓
INSERT INTO evaluation (id_evaluation,id_vente,id_evaluateur,id_evalue,note,commentaire,date_evaluation) VALUES
	 (41,41,20,81,4.8,'Annonceur sérieux et très ponctuel','2026-01-15'),
	 (42,42,22,82,4.5,'Bonne communication, produit conforme à l''annonce','2026-01-20'),
	 (43,43,24,83,5.0,'Transaction parfaite, véhicule exactement comme décrit','2026-01-25'),
	 (44,44,25,84,4.2,'Rapide et efficace, pas de mauvaises surprises','2026-01-30'),
	 (45,45,27,85,4.9,'MacBook en parfait état, livraison rapide','2026-02-06'),
	 (46,46,29,86,4.6,'Très accommodant pour la remise en mains propres','2026-02-10'),
	 (47,47,31,87,4.3,'Bonne expérience d''achat, vendeur honnête','2026-02-15'),
	 (48,48,33,88,4.7,'Réfrigérateur impeccable, emballage soigné','2026-02-20'),
	 (49,49,35,89,4.4,'Guitare bien emballée, état conforme à la description','2026-02-25'),
	 (50,50,37,90,4.8,'Excellent vendeur, vélo comme décrit dans l''annonce','2026-03-02');

-- 10 nouvelles photos de produits (IDs 61-70)
INSERT INTO photoproduit (id_photo,id_produit,url_photo,description,principale) VALUES
	 (61,61,'iphone14pro_front.jpg','Vue de face de l''iPhone 14 Pro',true),
	 (62,62,'table_chene.jpg','Table de salle à manger en chêne massif',true),
	 (63,63,'rav4_2020_ext.jpg','Toyota RAV4 2020 côté conducteur',true),
	 (64,64,'veste_cuir_noir.jpg','Veste en cuir noir taille L',true),
	 (65,65,'macbook_air_m1.jpg','MacBook Air M1 ouvert sur bureau',true),
	 (66,66,'chaise_ergo.jpg','Chaise ergonomique de profil',true),
	 (67,67,'samsung_tv65.jpg','Téléviseur Samsung 65 pouces sur meuble',true),
	 (68,68,'frigo_samsung_dp.jpg','Réfrigérateur Samsung double porte ouvert',true),
	 (69,69,'guitare_yamaha_f310.jpg','Guitare acoustique Yamaha F310',true),
	 (70,70,'trek_marlin.jpg','Vélo de montagne Trek Marlin 7',true);

-- =============================================
-- Mise à jour pour varier les données (réalisme)
-- =============================================

-- Varier les domaines d'expertise des 10 experts initiaux (tous avaient 'general')
UPDATE expert SET domaine_expertise = 'Électronique',          date_certification = '2023-06-15' WHERE id_expert = 5;
UPDATE expert SET domaine_expertise = 'Véhicules',             date_certification = '2022-09-20' WHERE id_expert = 6;
UPDATE expert SET domaine_expertise = 'Mobilier',              date_certification = '2024-01-05' WHERE id_expert = 7;
UPDATE expert SET domaine_expertise = 'Antiquités',            date_certification = '2023-03-11' WHERE id_expert = 8;
UPDATE expert SET domaine_expertise = 'Bijouterie',            date_certification = '2022-07-28' WHERE id_expert = 9;
UPDATE expert SET domaine_expertise = 'Art et décoration',     date_certification = '2023-10-04' WHERE id_expert = 10;
UPDATE expert SET domaine_expertise = 'Mode et vêtements',     date_certification = '2024-02-17' WHERE id_expert = 11;
UPDATE expert SET domaine_expertise = 'Sports et loisirs',     date_certification = '2023-05-30' WHERE id_expert = 12;
UPDATE expert SET domaine_expertise = 'Instruments de musique',date_certification = '2022-11-22' WHERE id_expert = 13;
UPDATE expert SET domaine_expertise = 'Livres et collectibles',date_certification = '2023-08-09' WHERE id_expert = 14;

-- Varier les commentaires d'estimation (tous avaient 'Fair estimate')
UPDATE estimation SET commentaire = 'Produit en très bon état, prix conforme au marché'      WHERE id_estimation IN (1,11,21,31,41,51);
UPDATE estimation SET commentaire = 'Légères marques d''usure, valeur estimée correcte'      WHERE id_estimation IN (2,12,22,32,42,52);
UPDATE estimation SET commentaire = 'Excellente condition, prix légèrement sous le marché'   WHERE id_estimation IN (3,13,23,33,43,53);
UPDATE estimation SET commentaire = 'Prix un peu surestimé, ajustement recommandé'           WHERE id_estimation IN (4,14,24,34,44,54);
UPDATE estimation SET commentaire = 'Bon état général, estimation conforme à la demande'     WHERE id_estimation IN (5,15,25,35,45,55);
UPDATE estimation SET commentaire = 'Quelques défauts mineurs mais article fonctionnel'      WHERE id_estimation IN (6,16,26,36,46,56);
UPDATE estimation SET commentaire = 'Article récent, forte demande sur le marché actuel'     WHERE id_estimation IN (7,17,27,37,47,57);
UPDATE estimation SET commentaire = 'État acceptable, prix justifié pour la condition'       WHERE id_estimation IN (8,18,28,38,48,58);
UPDATE estimation SET commentaire = 'Produit bien entretenu, correspond à la description'    WHERE id_estimation IN (9,19,29,39,49,59);
UPDATE estimation SET commentaire = 'Légère dépréciation due à l''âge, prix raisonnable'    WHERE id_estimation IN (10,20,30,40,50,60);

-- Varier les commentaires d'évaluation (tous avaient 'Smooth transaction')
UPDATE evaluation SET commentaire = 'Vendeur sérieux et honnête, transaction sans problème' WHERE id_evaluation IN (1,11,21,31);
UPDATE evaluation SET commentaire = 'Produit conforme à l''annonce, livraison rapide'        WHERE id_evaluation IN (2,12,22,32);
UPDATE evaluation SET commentaire = 'Excellente communication, je recommande ce vendeur'     WHERE id_evaluation IN (3,13,23,33);
UPDATE evaluation SET commentaire = 'Rendez-vous respecté, produit en bon état'              WHERE id_evaluation IN (4,14,24,34);
UPDATE evaluation SET commentaire = 'Très bonne expérience, vendeur accommodant'             WHERE id_evaluation IN (5,15,25,35);
UPDATE evaluation SET commentaire = 'Transaction rapide et efficace, aucun problème'         WHERE id_evaluation IN (6,16,26,36);
UPDATE evaluation SET commentaire = 'Produit légèrement différent de la description'         WHERE id_evaluation IN (7,17,27,37);
UPDATE evaluation SET commentaire = 'Bon vendeur dans l''ensemble, communication correcte'   WHERE id_evaluation IN (8,18,28,38);
UPDATE evaluation SET commentaire = 'Satisfait de l''achat, prix équitable'                  WHERE id_evaluation IN (9,19,29,39);
UPDATE evaluation SET commentaire = 'Superbe transaction, acheteur sérieux et ponctuel'      WHERE id_evaluation IN (10,20,30,40);

-- Marquer 40 messages comme lus (réalisme : tous avaient lu=false)
UPDATE message SET lu = true WHERE id_message IN (2,4,6,8,10,12,14,16,18,20,22,24,26,28,30,32,34,36,38,40,42,44,46,48,50,52,54,56,58,60,62,64,66,68,70,72,74,76,78,80);
